-- +goose Up
-- +goose StatementBegin
INSERT INTO type (id, name) VALUES (1, 'Studio');
INSERT INTO type (id, name) VALUES (2, 'Live');
INSERT INTO type (id, name) VALUES (3, 'Compilation');

INSERT INTO album (id, title, year, type_id) VALUES (1, 'They Might Be Giants', 1986, 1);
INSERT INTO album (id, title, year, type_id) VALUES (2,'Lincoln', 1988, 1);
INSERT INTO album (id, title, year, type_id) VALUES (3,'Flood', 1990, 1);
INSERT INTO album (id, title, year, type_id) VALUES (4,'Apollo 18', 1992, 1);
INSERT INTO album (id, title, year, type_id) VALUES (5,'John Henry', 1994, 1);
INSERT INTO album (id, title, year, type_id) VALUES (6,'Factory Showroom', 1996, 1);
INSERT INTO album (id, title, year, type_id) VALUES (7,'Long Tall Weekend', 1999, 1);
INSERT INTO album (id, title, year, type_id) VALUES (8,'Mink Car', 2001, 1);
INSERT INTO album (id, title, year, type_id) VALUES (9,'No!', 2002, 1);
INSERT INTO album (id, title, year, type_id) VALUES (10,'The Spine', 2004, 1);
INSERT INTO album (id, title, year, type_id) VALUES (11,'Here Come the ABCs', 2005, 1);
INSERT INTO album (id, title, year, type_id) VALUES (12,'The Else', 2007, 1);
INSERT INTO album (id, title, year, type_id) VALUES (13,'Here Come the 123s', 2008, 1);
INSERT INTO album (id, title, year, type_id) VALUES (14,'Here Comes Science', 2009, 1);
INSERT INTO album (id, title, year, type_id) VALUES (15,'Join Us', 2011, 1);
INSERT INTO album (id, title, year, type_id) VALUES (16,'Nanobots', 2013, 1);
INSERT INTO album (id, title, year, type_id) VALUES (17,'Glean', 2015, 1);
INSERT INTO album (id, title, year, type_id) VALUES (18,'Why?', 2015, 1);
INSERT INTO album (id, title, year, type_id) VALUES (19,'Phone Power', 2016, 1);
INSERT INTO album (id, title, year, type_id) VALUES (20,'I Like Fun', 2018, 1);
INSERT INTO album (id, title, year, type_id) VALUES (21,'My Murdered Remains', 2018, 1);
INSERT INTO album (id, title, year, type_id) VALUES (22,'The Escape Team', 2018, 1);
INSERT INTO album (id, title, year, type_id) VALUES (23,'Book', 2021, 1);

INSERT INTO song (title, album_id) VALUES('Everything Right Is Wrong Again', 1);
INSERT INTO song (title, album_id) VALUES('Put Your Hand Inside the Puppet Head', 1);
INSERT INTO song (title, album_id) VALUES('Number Three',1);
INSERT INTO song (title, album_id) VALUES('Don''t Let''s Start',1);
INSERT INTO song (title, album_id) VALUES('Hide Away Folk Family', 1);
INSERT INTO song (title, album_id) VALUES('32 Footsteps', 1);
INSERT INTO song (title, album_id) VALUES('Toddler Hiway', 1);
INSERT INTO song (title, album_id) VALUES('Rabid Child', 1);
INSERT INTO song (title, album_id) VALUES('Nothing''s Gonna Change My Clothes', 1);
INSERT INTO song (title, album_id) VALUES('(She Was A) Hotel Detective',1);
INSERT INTO song (title, album_id) VALUES('She''s an Angel', 1);
INSERT INTO song (title, album_id) VALUES('Youth Culture Killed My Dog', 1);
INSERT INTO song (title, album_id) VALUES('Boat of Car', 1);
INSERT INTO song (title, album_id) VALUES('Absolutely Bill''s Mood', 1);
INSERT INTO song (title, album_id) VALUES('Chess Piece Face', 1);
INSERT INTO song (title, album_id) VALUES('I Hope That I Get Old Before I Die', 1);
INSERT INTO song (title, album_id) VALUES('Alienation''s for the Rich', 1);
INSERT INTO song (title, album_id) VALUES('The Day', 1);
INSERT INTO song (title, album_id) VALUES('Rhythm Section Want Ad', 1);

INSERT INTO song (title, album_id) VALUES('Ana Ng', 2);
INSERT INTO song (title, album_id) VALUES('Cowtown',2);
INSERT INTO song (title, album_id) VALUES('Lie Still, Little Bottle',2);
INSERT INTO song (title, album_id) VALUES('Purple Toupee',2);
INSERT INTO song (title, album_id) VALUES('Cage & Aquarium',2);
INSERT INTO song (title, album_id) VALUES('Where Your Eyes Don''t Go',2);
INSERT INTO song (title, album_id) VALUES('Piece of Dirt',2);
INSERT INTO song (title, album_id) VALUES('Mr. Me',2);
INSERT INTO song (title, album_id) VALUES('Pencil Rain',2);
INSERT INTO song (title, album_id) VALUES('The World''s Address',2);
INSERT INTO song (title, album_id) VALUES('I''ve Got a Match',2);
INSERT INTO song (title, album_id) VALUES('Santa''s Beard',2);
INSERT INTO song (title, album_id) VALUES('You''ll Miss Me',2);
INSERT INTO song (title, album_id) VALUES('They''ll Need a Crane',2);
INSERT INTO song (title, album_id) VALUES('Shoehorn with Teeth',2);
INSERT INTO song (title, album_id) VALUES('Stand on Your Own Head',2);
INSERT INTO song (title, album_id) VALUES('Snowball in Hell',2);
INSERT INTO song (title, album_id) VALUES('Kiss Me, Son of God',2);
INSERT INTO song (title, album_id) VALUES('Theme from Flood',3);
INSERT INTO song (title, album_id) VALUES('Birdhouse in Your Soul',3);
INSERT INTO song (title, album_id) VALUES('Lucky Ball & Chain',3);
INSERT INTO song (title, album_id) VALUES('Istanbul (Not Constantinople)',3);
INSERT INTO song (title, album_id) VALUES('Dead',3);
INSERT INTO song (title, album_id) VALUES('Your Racist Friend',3);
INSERT INTO song (title, album_id) VALUES('Particle Man',3);
INSERT INTO song (title, album_id) VALUES('Twisting',3);
INSERT INTO song (title, album_id) VALUES('We Want a Rock',3);
INSERT INTO song (title, album_id) VALUES('Someone Keeps Moving My Chair',3);
INSERT INTO song (title, album_id) VALUES('Hearing Aid',3);
INSERT INTO song (title, album_id) VALUES('Minimum Wage',3);
INSERT INTO song (title, album_id) VALUES('Letterbox',3);
INSERT INTO song (title, album_id) VALUES('Whistling in the Dark',3);
INSERT INTO song (title, album_id) VALUES('Hot Cha',3);
INSERT INTO song (title, album_id) VALUES('Women & Men',3);
INSERT INTO song (title, album_id) VALUES('Sapphire Bullets of Pure Love',3);
INSERT INTO song (title, album_id) VALUES('They Might Be Giants',3);
INSERT INTO song (title, album_id) VALUES('Road Movie to Berlin',3);
INSERT INTO song (title, album_id) VALUES('Dig My Grave',4);
INSERT INTO song (title, album_id) VALUES('I Palindrome I',4);
INSERT INTO song (title, album_id) VALUES('She''s Actual Size',4);
INSERT INTO song (title, album_id) VALUES('My Evil Twin',4);
INSERT INTO song (title, album_id) VALUES('Mammal',4);
INSERT INTO song (title, album_id) VALUES('The Statue Got Me High',4);
INSERT INTO song (title, album_id) VALUES('Spider',4);
INSERT INTO song (title, album_id) VALUES('The Guitar (The Lion Sleeps Tonight)',4);
INSERT INTO song (title, album_id) VALUES('Dinner Bell',4);
INSERT INTO song (title, album_id) VALUES('Narrow Your Eyes',4);
INSERT INTO song (title, album_id) VALUES('Hall of Heads',4);
INSERT INTO song (title, album_id) VALUES('Which Describes How You''re Feeling',4);
INSERT INTO song (title, album_id) VALUES('See the Constellation',4);
INSERT INTO song (title, album_id) VALUES('If I Wasn''t Shy',4);
INSERT INTO song (title, album_id) VALUES('Turn Around',4);
INSERT INTO song (title, album_id) VALUES('Hypnotist of Ladies',4);
INSERT INTO song (title, album_id) VALUES('Fingertips 1: Everything''s Catching on Fire',4);
INSERT INTO song (title, album_id) VALUES('Fingertips 2: Fingertips',4);
INSERT INTO song (title, album_id) VALUES('Fingertips 3: I Hear the Wind Blow',4);
INSERT INTO song (title, album_id) VALUES('Fingertips 4: Hey Now Everybody',4);
INSERT INTO song (title, album_id) VALUES('Fingertips 5: Who''s That Standing out My Window?',4);
INSERT INTO song (title, album_id) VALUES('Fingertips 6: I Found a New Friend',4);
INSERT INTO song (title, album_id) VALUES('Fingertips 7: Come on and Wreck My Car',4);
INSERT INTO song (title, album_id) VALUES('Fingertips 8: Aren''t You the Guy Who Hit Me in the Eye?',4);
INSERT INTO song (title, album_id) VALUES('Fingertips 9: Please Pass the Milk',4);
INSERT INTO song (title, album_id) VALUES('Fingertips 10: Leave Me Alone',4);
INSERT INTO song (title, album_id) VALUES('Fingertips 11: Who''s Knocking on the Wall?',4);
INSERT INTO song (title, album_id) VALUES('Fingertips 12: All Alone',4);
INSERT INTO song (title, album_id) VALUES('Fingertips 13: What''s That Blue Thing Doing Here?',4);
INSERT INTO song (title, album_id) VALUES('Fingertips 14: Something Grabbed Ahold of My Hand',4);
INSERT INTO song (title, album_id) VALUES('Fingertips 15: I Don''t Understand You',4);
INSERT INTO song (title, album_id) VALUES('Fingertips 16: I Heard a Sound',4);
INSERT INTO song (title, album_id) VALUES('Fingertips 17: Mysterious Whisper',4);
INSERT INTO song (title, album_id) VALUES('Fingertips 18: The Day That Love Came to Play',4);
INSERT INTO song (title, album_id) VALUES('Fingertips 19: I''m Having a Heart Attack',4);
INSERT INTO song (title, album_id) VALUES('Fingertips 20: Fingertips',4);
INSERT INTO song (title, album_id) VALUES('Fingertips 21: I Walk Along Darkened Corridors',4);
INSERT INTO song (title, album_id) VALUES('Space Suit',4);
INSERT INTO song (title, album_id) VALUES('Subliminal', 5);
INSERT INTO song (title, album_id) VALUES('Snail Shell', 5);
INSERT INTO song (title, album_id) VALUES('Sleeping In the Flowers', 5);
INSERT INTO song (title, album_id) VALUES('Unrelated Thing', 5);
INSERT INTO song (title, album_id) VALUES('AKA Driver', 5);
INSERT INTO song (title, album_id) VALUES('I Should Be Allowed to Think', 5);
INSERT INTO song (title, album_id) VALUES('Extra Savoir-Faire', 5);
INSERT INTO song (title, album_id) VALUES('Why Must I Be Sad?', 5);
INSERT INTO song (title, album_id) VALUES('Spy', 5);
INSERT INTO song (title, album_id) VALUES('O, Do Not Forsake Me', 5);
INSERT INTO song (title, album_id) VALUES('No One Knows My Plan', 5);
INSERT INTO song (title, album_id) VALUES('Dirt Bike', 5);
INSERT INTO song (title, album_id) VALUES('Destination Moon', 5);
INSERT INTO song (title, album_id) VALUES('A Self Called Nowhere', 5);
INSERT INTO song (title, album_id) VALUES('Meet James Ensor', 5);
INSERT INTO song (title, album_id) VALUES('Thermostat', 5);
INSERT INTO song (title, album_id) VALUES('Window', 5);
INSERT INTO song (title, album_id) VALUES('Out of Jail', 5);
INSERT INTO song (title, album_id) VALUES('Stomp Box', 5);
INSERT INTO song (title, album_id) VALUES('The End of the Tour', 5);

INSERT INTO song (title, album_id) VALUES('S-E-X-X-Y', 6);
INSERT INTO song (title, album_id) VALUES('Till My Head Falls Off', 6);
INSERT INTO song (title, album_id) VALUES('How Can I Sing Like a Girl?', 6);
INSERT INTO song (title, album_id) VALUES('Exquisite Dead Guy', 6);
INSERT INTO song (title, album_id) VALUES('Metal Detector', 6);
INSERT INTO song (title, album_id) VALUES('New York City', 6);
INSERT INTO song (title, album_id) VALUES('Your Own Worst Enemy', 6);
INSERT INTO song (title, album_id) VALUES('XTC vs. Adam Ant', 6);
INSERT INTO song (title, album_id) VALUES('Spiraling Shape', 6);
INSERT INTO song (title, album_id) VALUES('James K. Polk', 6);
INSERT INTO song (title, album_id) VALUES('Pet Name', 6);
INSERT INTO song (title, album_id) VALUES('I Can Hear You', 6);
INSERT INTO song (title, album_id) VALUES('The Bells Are Ringing', 6);

INSERT INTO song (title, album_id) VALUES('Drinkin''', 7);
INSERT INTO song (title, album_id) VALUES('(She Thinks She''s) Edith Head', 7);
INSERT INTO song (title, album_id) VALUES('Maybe I Know', 7);
INSERT INTO song (title, album_id) VALUES('Rat Patrol', 7);
INSERT INTO song (title, album_id) VALUES('Token Back to Brooklyn', 7);
INSERT INTO song (title, album_id) VALUES('Older', 7);
INSERT INTO song (title, album_id) VALUES('Operators Are Standing By', 7);
INSERT INTO song (title, album_id) VALUES('Dark and Metric', 7);
INSERT INTO song (title, album_id) VALUES('Reprehensible', 7);
INSERT INTO song (title, album_id) VALUES('Certain People I Could Name', 7);
INSERT INTO song (title, album_id) VALUES('Counterfeit Faker', 7);
INSERT INTO song (title, album_id) VALUES('They Got Lost', 7);
INSERT INTO song (title, album_id) VALUES('Lullabye to Nightmares', 7);
INSERT INTO song (title, album_id) VALUES('On Earth My Nina', 7);
INSERT INTO song (title, album_id) VALUES('The Edison Museum', 7);

INSERT INTO song (title, album_id) VALUES('Bangs', 8);
INSERT INTO song (title, album_id) VALUES('Cyclops Rock', 8);
INSERT INTO song (title, album_id) VALUES('Man, It''s So Loud in Here', 8);
INSERT INTO song (title, album_id) VALUES('Mr. Xcitement', 8);
INSERT INTO song (title, album_id) VALUES('Another First Kiss', 8);
INSERT INTO song (title, album_id) VALUES('I''ve Got a Fang', 8);
INSERT INTO song (title, album_id) VALUES('Hovering Sombrero', 8);
INSERT INTO song (title, album_id) VALUES('Yeh Yeh', 8);
INSERT INTO song (title, album_id) VALUES('Hopeless Bleak Despair', 8);
INSERT INTO song (title, album_id) VALUES('Drink!', 8);
INSERT INTO song (title, album_id) VALUES('My Man', 8);
INSERT INTO song (title, album_id) VALUES('Older', 8);
INSERT INTO song (title, album_id) VALUES('Mink Car', 8);
INSERT INTO song (title, album_id) VALUES('Wicked Little Critta', 8);
INSERT INTO song (title, album_id) VALUES('Finished With Lies', 8);
INSERT INTO song (title, album_id) VALUES('(She Thinks She''s) Edith Head', 8);
INSERT INTO song (title, album_id) VALUES('Working Undercover for the Man', 8);

INSERT INTO song (title, album_id) VALUES('Fibber Island', 9);
INSERT INTO song (title, album_id) VALUES('Four of Two', 9);
INSERT INTO song (title, album_id) VALUES('Robot Parade', 9);
INSERT INTO song (title, album_id) VALUES('No!', 9);
INSERT INTO song (title, album_id) VALUES('Where Do They Make Balloons?', 9);
INSERT INTO song (title, album_id) VALUES('In the Middle, In the Middle, In the Middle', 9);
INSERT INTO song (title, album_id) VALUES('Violin', 9);
INSERT INTO song (title, album_id) VALUES('John Lee Supertaster', 9);
INSERT INTO song (title, album_id) VALUES('The Edison Museum', 9);
INSERT INTO song (title, album_id) VALUES('The House at the Top of the Tree', 9);
INSERT INTO song (title, album_id) VALUES('Clap Your Hands', 9);
INSERT INTO song (title, album_id) VALUES('I Am Not Your Broom', 9);
INSERT INTO song (title, album_id) VALUES('Wake Up Call', 9);
INSERT INTO song (title, album_id) VALUES('I Am a Grocery Bag', 9);
INSERT INTO song (title, album_id) VALUES('Lazyhead and Sleepybones', 9);
INSERT INTO song (title, album_id) VALUES('Bed Bed Bed', 9);
INSERT INTO song (title, album_id) VALUES('Sleepwalkers', 9);

INSERT INTO song (title, album_id) VALUES('Experimental Film', 10);
INSERT INTO song (title, album_id) VALUES('Spine', 10);
INSERT INTO song (title, album_id) VALUES('Memo to Human Resources', 10);
INSERT INTO song (title, album_id) VALUES('Wearing a Raincoat', 10);
INSERT INTO song (title, album_id) VALUES('Prevenge', 10);
INSERT INTO song (title, album_id) VALUES('Thunderbird', 10);
INSERT INTO song (title, album_id) VALUES('Bastard Wants to Hit Me', 10);
INSERT INTO song (title, album_id) VALUES('The World Before Later On', 10);
INSERT INTO song (title, album_id) VALUES('Museum of Idiots', 10);
INSERT INTO song (title, album_id) VALUES('It''s Kickin'' In', 10);
INSERT INTO song (title, album_id) VALUES('Spines', 10);
INSERT INTO song (title, album_id) VALUES('Au Contraire', 10);
INSERT INTO song (title, album_id) VALUES('Damn Good Times', 10);
INSERT INTO song (title, album_id) VALUES('Broke in Two', 10);
INSERT INTO song (title, album_id) VALUES('Stalk of Wheat', 10);
INSERT INTO song (title, album_id) VALUES('I Can''t Hide from My Mind', 10);

INSERT INTO song (title, album_id) VALUES('Here Come The ABCs', 11);
INSERT INTO song (title, album_id) VALUES('Alphabet Of Nations', 11);
INSERT INTO song (title, album_id) VALUES('E Eats Everything', 11);
INSERT INTO song (title, album_id) VALUES('Flying V', 11);
INSERT INTO song (title, album_id) VALUES('Q U', 11);
INSERT INTO song (title, album_id) VALUES('Go For G!', 11);
INSERT INTO song (title, album_id) VALUES('Pictures Of Pandas Painting', 11);
INSERT INTO song (title, album_id) VALUES('D & W', 11);
INSERT INTO song (title, album_id) VALUES('Fake-Believe', 11);
INSERT INTO song (title, album_id) VALUES('Can You Find It?', 11);
INSERT INTO song (title, album_id) VALUES('The Vowel Family', 11);
INSERT INTO song (title, album_id) VALUES('Letter/Not A Letter', 11);
INSERT INTO song (title, album_id) VALUES('Alphabet Lost And Found', 11);
INSERT INTO song (title, album_id) VALUES('I C U', 11);
INSERT INTO song (title, album_id) VALUES('Letter Shapes', 11);
INSERT INTO song (title, album_id) VALUES('Who Put The Alphabet In Alphabetical Order?', 11);
INSERT INTO song (title, album_id) VALUES('Rolling O', 11);
INSERT INTO song (title, album_id) VALUES('L M N O', 11);
INSERT INTO song (title, album_id) VALUES('C Is For Conifers', 11);
INSERT INTO song (title, album_id) VALUES('Fake-Believe (Type B)', 11);
INSERT INTO song (title, album_id) VALUES('D Is For Drums', 11);
INSERT INTO song (title, album_id) VALUES('Z Y X', 11);
INSERT INTO song (title, album_id) VALUES('Goodnight My Friends', 11);
INSERT INTO song (title, album_id) VALUES('Clap Your Hands', 11);
INSERT INTO song (title, album_id) VALUES('Here In Higglytown (Theme To Playhouse Disney''s Higglytown Heroes)', 11);


INSERT INTO song (title, album_id) VALUES('I''m Impressed', 12);
INSERT INTO song (title, album_id) VALUES('Take Out the Trash', 12);
INSERT INTO song (title, album_id) VALUES('Upside Down Frown', 12);
INSERT INTO song (title, album_id) VALUES('Climbing the Walls', 12);
INSERT INTO song (title, album_id) VALUES('Careful What You Pack', 12);
INSERT INTO song (title, album_id) VALUES('The Cap''m', 12);
INSERT INTO song (title, album_id) VALUES('With the Dark', 12);
INSERT INTO song (title, album_id) VALUES('The Shadow Government', 12);
INSERT INTO song (title, album_id) VALUES('Bee of the Bird of the Moth', 12);
INSERT INTO song (title, album_id) VALUES('Withered Hope', 12);
INSERT INTO song (title, album_id) VALUES('Contrecoup', 12);
INSERT INTO song (title, album_id) VALUES('Feign Amnesia', 12);
INSERT INTO song (title, album_id) VALUES('The Mesopotamians', 12);


INSERT INTO song (title, album_id) VALUES('Here Come the 123s', 13);
INSERT INTO song (title, album_id) VALUES('Zeroes', 13);
INSERT INTO song (title, album_id) VALUES('One Everything', 13);
INSERT INTO song (title, album_id) VALUES('Number Two', 13);
INSERT INTO song (title, album_id) VALUES('Triops Has Three Eyes', 13);
INSERT INTO song (title, album_id) VALUES('Apartment Four', 13);
INSERT INTO song (title, album_id) VALUES('High Five!', 13);
INSERT INTO song (title, album_id) VALUES('The Secret Life of Six', 13);
INSERT INTO song (title, album_id) VALUES('Seven', 13);
INSERT INTO song (title, album_id) VALUES('Seven Days of the Week (I Never Go to Work)', 13);
INSERT INTO song (title, album_id) VALUES('Figure Eight', 13);
INSERT INTO song (title, album_id) VALUES('Pirate Girls Nine', 13);
INSERT INTO song (title, album_id) VALUES('Nine Bowls of Soup', 13);
INSERT INTO song (title, album_id) VALUES('Ten Mississippi', 13);
INSERT INTO song (title, album_id) VALUES('One Dozen Monkeys', 13);
INSERT INTO song (title, album_id) VALUES('Eight Hundred and Thirteen Mile Car Trip', 13);
INSERT INTO song (title, album_id) VALUES('Infinity', 13);
INSERT INTO song (title, album_id) VALUES('I Can Add', 13);
INSERT INTO song (title, album_id) VALUES('Nonagon', 13);
INSERT INTO song (title, album_id) VALUES('Even Numbers', 13);
INSERT INTO song (title, album_id) VALUES('Ooh La! Ooh La!', 13);
INSERT INTO song (title, album_id) VALUES('Heart of the Band', 13);
INSERT INTO song (title, album_id) VALUES('Hot Dog!', 13);
INSERT INTO song (title, album_id) VALUES('Mickey Mouse Clubhouse Theme', 13);

INSERT INTO song (title, album_id) VALUES('Science Is Real', 14);
INSERT INTO song (title, album_id) VALUES('Meet the Elements', 14);
INSERT INTO song (title, album_id) VALUES('I Am a Paleontologist', 14);
INSERT INTO song (title, album_id) VALUES('The Bloodmobile', 14);
INSERT INTO song (title, album_id) VALUES('Electric Car', 14);
INSERT INTO song (title, album_id) VALUES('My Brother the Ape', 14);
INSERT INTO song (title, album_id) VALUES('What Is a Shooting Star?', 14);
INSERT INTO song (title, album_id) VALUES('How Many Planets?', 14);
INSERT INTO song (title, album_id) VALUES('Why Does the Sun Shine?', 14);
INSERT INTO song (title, album_id) VALUES('Why Does the Sun Really Shine?', 14);
INSERT INTO song (title, album_id) VALUES('Roy G. Biv', 14);
INSERT INTO song (title, album_id) VALUES('Put It to the Test', 14);
INSERT INTO song (title, album_id) VALUES('Photosynthesis', 14);
INSERT INTO song (title, album_id) VALUES('Cells', 14);
INSERT INTO song (title, album_id) VALUES('Speed and Velocity', 14);
INSERT INTO song (title, album_id) VALUES('Computer Assisted Design', 14);
INSERT INTO song (title, album_id) VALUES('Solid Liquid Gas', 14);
INSERT INTO song (title, album_id) VALUES('Here Comes Science', 14);
INSERT INTO song (title, album_id) VALUES('The Ballad of Davy Crockett (in Outer Space)', 14);

INSERT INTO song (title, album_id) VALUES('Can''t Keep Johnny Down', 15);
INSERT INTO song (title, album_id) VALUES('You Probably Get That a Lot', 15);
INSERT INTO song (title, album_id) VALUES('Old Pine Box', 15);
INSERT INTO song (title, album_id) VALUES('Canajoharie', 15);
INSERT INTO song (title, album_id) VALUES('Cloisonné', 15);
INSERT INTO song (title, album_id) VALUES('Let Your Hair Hang Down', 15);
INSERT INTO song (title, album_id) VALUES('Celebration', 15);
INSERT INTO song (title, album_id) VALUES('In Fact', 15);
INSERT INTO song (title, album_id) VALUES('When Will You Die', 15);
INSERT INTO song (title, album_id) VALUES('Protagonist', 15);
INSERT INTO song (title, album_id) VALUES('Judy Is Your Viet Nam', 15);
INSERT INTO song (title, album_id) VALUES('Never Knew Love', 15);
INSERT INTO song (title, album_id) VALUES('The Lady and the Tiger', 15);
INSERT INTO song (title, album_id) VALUES('Spoiler Alert', 15);
INSERT INTO song (title, album_id) VALUES('Dog Walker', 15);
INSERT INTO song (title, album_id) VALUES('2082', 15);
INSERT INTO song (title, album_id) VALUES('Three Might Be Duende', 15);
INSERT INTO song (title, album_id) VALUES('You Don''t Like Me', 15);

INSERT INTO song (title, album_id) VALUES('You''re on Fire', 16);
INSERT INTO song (title, album_id) VALUES('Nanobots', 16);
INSERT INTO song (title, album_id) VALUES('Black Ops', 16);
INSERT INTO song (title, album_id) VALUES('Lost My Mind', 16);
INSERT INTO song (title, album_id) VALUES('Circular Karate Chop', 16);
INSERT INTO song (title, album_id) VALUES('Call You Mom', 16);
INSERT INTO song (title, album_id) VALUES('Tesla', 16);
INSERT INTO song (title, album_id) VALUES('Sleep', 16);
INSERT INTO song (title, album_id) VALUES('Stone Cold Coup d''Etat', 16);
INSERT INTO song (title, album_id) VALUES('Sometimes a Lonely Way', 16);
INSERT INTO song (title, album_id) VALUES('Destroy the Past', 16);
INSERT INTO song (title, album_id) VALUES('9 Secret Steps', 16);
INSERT INTO song (title, album_id) VALUES('Hive Mind', 16);
INSERT INTO song (title, album_id) VALUES('Decision Makers', 16);
INSERT INTO song (title, album_id) VALUES('Nouns', 16);
INSERT INTO song (title, album_id) VALUES('There', 16);
INSERT INTO song (title, album_id) VALUES('Insect Hospital', 16);
INSERT INTO song (title, album_id) VALUES('Tick', 16);
INSERT INTO song (title, album_id) VALUES('Replicant', 16);
INSERT INTO song (title, album_id) VALUES('The Darlings of Lumberland', 16);
INSERT INTO song (title, album_id) VALUES('Great', 16);
INSERT INTO song (title, album_id) VALUES('Stuff Is Way', 16);
INSERT INTO song (title, album_id) VALUES('Icky', 16);
INSERT INTO song (title, album_id) VALUES('Too Tall Girl', 16);
INSERT INTO song (title, album_id) VALUES('Didn''t Kill Me', 16);

INSERT INTO song (title, album_id) VALUES('Erase', 17);
INSERT INTO song (title, album_id) VALUES('Good to Be Alive', 17);
INSERT INTO song (title, album_id) VALUES('Underwater Woman', 17);
INSERT INTO song (title, album_id) VALUES('Music Jail, Pt. 1 & 2', 17);
INSERT INTO song (title, album_id) VALUES('Answer', 17);
INSERT INTO song (title, album_id) VALUES('I Can Help the Next in Line', 17);
INSERT INTO song (title, album_id) VALUES('Madam, I Challenge You to a Duel', 17);
INSERT INTO song (title, album_id) VALUES('End of the Rope', 17);
INSERT INTO song (title, album_id) VALUES('All the Lazy Boyfriends', 17);
INSERT INTO song (title, album_id) VALUES('Unpronounceable', 17);
INSERT INTO song (title, album_id) VALUES('Hate the Villanelle', 17);
INSERT INTO song (title, album_id) VALUES('I''m a Coward', 17);
INSERT INTO song (title, album_id) VALUES('Aaa', 17);
INSERT INTO song (title, album_id) VALUES('Let Me Tell You About My Operation', 17);
INSERT INTO song (title, album_id) VALUES('Glean', 17);


INSERT INTO song (title, album_id) VALUES('Oh You Did', 18);
INSERT INTO song (title, album_id) VALUES('Omnicorn', 18);
INSERT INTO song (title, album_id) VALUES('I Am Invisible', 18);
INSERT INTO song (title, album_id) VALUES('Definition of Good', 18);
INSERT INTO song (title, album_id) VALUES('And Mom and Kid', 18);
INSERT INTO song (title, album_id) VALUES('I Made a Mess', 18);
INSERT INTO song (title, album_id) VALUES('Moles, Hounds, Bears, Bees and Hares', 18);
INSERT INTO song (title, album_id) VALUES('Walking My Cat Named Dog', 18);
INSERT INTO song (title, album_id) VALUES('Or So I Have Read', 18);
INSERT INTO song (title, album_id) VALUES('Elephants', 18);
INSERT INTO song (title, album_id) VALUES('Long White Beard', 18);
INSERT INTO song (title, album_id) VALUES('I Just Want to Dance', 18);
INSERT INTO song (title, album_id) VALUES('Thinking Machine', 18);
INSERT INTO song (title, album_id) VALUES('So Crazy for Books', 18);
INSERT INTO song (title, album_id) VALUES('I Haven''t Seen You in Forever', 18);
INSERT INTO song (title, album_id) VALUES('Out of a Tree', 18);
INSERT INTO song (title, album_id) VALUES('Hello Mrs. Wheelyke', 18);
INSERT INTO song (title, album_id) VALUES('Then the Kids Took Over', 18);

INSERT INTO song (title, album_id) VALUES('Apophenia', 19);
INSERT INTO song (title, album_id) VALUES('I Love You For Psychological Reasons',19);
INSERT INTO song (title, album_id) VALUES('To A Forest',19);
INSERT INTO song (title, album_id) VALUES('I Am Alone',19);
INSERT INTO song (title, album_id) VALUES('Say Nice Things About Detroit',19);
INSERT INTO song (title, album_id) VALUES('Trouble Awful Devil Evil',19);
INSERT INTO song (title, album_id) VALUES('ECNALUBMA',19);
INSERT INTO song (title, album_id) VALUES('Daylight',19);
INSERT INTO song (title, album_id) VALUES('Sold My Mind to the Kremlin',19);
INSERT INTO song (title, album_id) VALUES('It Said Something',19);
INSERT INTO song (title, album_id) VALUES('Impossibly New',19);
INSERT INTO song (title, album_id) VALUES('I''ll Be Haunting You',19);
INSERT INTO song (title, album_id) VALUES('Got Getting Up So Down',19);
INSERT INTO song (title, album_id) VALUES('What Did I Do to You?',19);
INSERT INTO song (title, album_id) VALUES('Shape Shifter',19);
INSERT INTO song (title, album_id) VALUES('Bills, Bills, Bills',19);
INSERT INTO song (title, album_id) VALUES('Black Ops (Alternative Version)',19);
INSERT INTO song (title, album_id) VALUES('I Wasn''t Listening',19);

INSERT INTO song (title, album_id) VALUES('Let''s Get This Over With',20);
INSERT INTO song (title, album_id) VALUES('I Left My Body',20);
INSERT INTO song (title, album_id) VALUES('All Time What',20);
INSERT INTO song (title, album_id) VALUES('By the Time You Get This',20);
INSERT INTO song (title, album_id) VALUES('An Insult to the Fact Checkers',20);
INSERT INTO song (title, album_id) VALUES('Mrs. Bluebeard', 20);
INSERT INTO song (title, album_id) VALUES('I Like Fun', 20);
INSERT INTO song (title, album_id) VALUES('Push Back the Hands', 20);
INSERT INTO song (title, album_id) VALUES('This Microphone', 20);
INSERT INTO song (title, album_id) VALUES('The Bright Side', 20);
INSERT INTO song (title, album_id) VALUES('When the Lights Come On', 20);
INSERT INTO song (title, album_id) VALUES('Lake Monsters', 20);
INSERT INTO song (title, album_id) VALUES('McCafferty''s Bib', 20);
INSERT INTO song (title, album_id) VALUES('The Greatest', 20);
INSERT INTO song (title, album_id) VALUES('Last Wave', 20);

INSERT INTO song (title, album_id) VALUES('The Communists Have the Music', 21);
INSERT INTO song (title, album_id) VALUES('I''ve Been Seeing Things', 21);
INSERT INTO song (title, album_id) VALUES('Gudetama''s Busy Days', 21);
INSERT INTO song (title, album_id) VALUES('Dog', 21);
INSERT INTO song (title, album_id) VALUES('Ampersand', 21);
INSERT INTO song (title, album_id) VALUES('Applause Applause Applause', 21);
INSERT INTO song (title, album_id) VALUES('The Neck Rolls Aren''t Working', 21);
INSERT INTO song (title, album_id) VALUES('Selectionist', 21);
INSERT INTO song (title, album_id) VALUES('I Haven''t Been Right Yet', 21);
INSERT INTO song (title, album_id) VALUES('Unctuous Robot', 21);
INSERT INTO song (title, album_id) VALUES('The Bullies', 21);
INSERT INTO song (title, album_id) VALUES('Tractor', 21);
INSERT INTO song (title, album_id) VALUES('Rowboat Mayor', 21);
INSERT INTO song (title, album_id) VALUES('Tick Tick Tick', 21);
INSERT INTO song (title, album_id) VALUES('Last Wave (alt. version)', 21);
INSERT INTO song (title, album_id) VALUES('Best Regrets', 21);

INSERT INTO song (title, album_id) VALUES('Jackie the Clipper', 22);
INSERT INTO song (title, album_id) VALUES('Chip the CHiP', 22);
INSERT INTO song (title, album_id) VALUES('Burnice', 22);
INSERT INTO song (title, album_id) VALUES('Dr. Sy Fly', 22);
INSERT INTO song (title, album_id) VALUES('Dunkin Of Course Of Course', 22);
INSERT INTO song (title, album_id) VALUES('Mr. Mischief Night', 22);
INSERT INTO song (title, album_id) VALUES('John Postal', 22);
INSERT INTO song (title, album_id) VALUES('Flo Wheeler', 22);
INSERT INTO song (title, album_id) VALUES('Corrupted Lyle', 22);
INSERT INTO song (title, album_id) VALUES('Re-PETE Offender', 22);
INSERT INTO song (title, album_id) VALUES('The Poisonousness', 22);

INSERT INTO song (title, album_id) VALUES('Synopsis for Latecomers',23);
INSERT INTO song (title, album_id) VALUES('Moonbeam Rays',23);
INSERT INTO song (title, album_id) VALUES('I Broke My Own Rule',23);
INSERT INTO song (title, album_id) VALUES('Brontosaurus',23);
INSERT INTO song (title, album_id) VALUES('Lord Snowdon',23);
INSERT INTO song (title, album_id) VALUES('If Day for Winnipeg',23);
INSERT INTO song (title, album_id) VALUES('I Can''t Remember the Dream',23);
INSERT INTO song (title, album_id) VALUES('Drown the Clown',23);
INSERT INTO song (title, album_id) VALUES('Darling, the Dose',23);
INSERT INTO song (title, album_id) VALUES('I Lost Thursday',23);
INSERT INTO song (title, album_id) VALUES('Part of You Wants to Believe Me',23);
INSERT INTO song (title, album_id) VALUES('Super Cool',23);
INSERT INTO song (title, album_id) VALUES('Wait Actually Yeah No',23);
INSERT INTO song (title, album_id) VALUES('Quit the Circus',23);
INSERT INTO song (title, album_id) VALUES('Less Than One',23);

-- +goose StatementEnd


-- +goose Down
-- +goose StatementBegin
DELETE FROM song;
DELETE FROM album;
DELETE FROM type;
-- +goose StatementEnd
