-- +goose Up
-- +goose StatementBegin
INSERT INTO type (id, name) VALUES (1, 'Studio');
INSERT INTO type (id, name) VALUES (2, 'Live');
INSERT INTO type (id, name) VALUES (3, 'Compilation');

INSERT INTO album (id, title, year, type_id) VALUES (1, 'They Might Be Giants', 1986, 1);
INSERT INTO album (id, title, year, type_id) VALUES (2,'Lincoln', 1988, 1);
INSERT INTO album (id, title, year, type_id) VALUES (3,'Flood', 1990, 1);
INSERT INTO album (id, title, year, type_id) VALUES (4,'Apollo 18', 1992, 1);
INSERT INTO album (id, title, year, type_id) VALUES (5,'John Henry', 1994, 1);
INSERT INTO album (id, title, year, type_id) VALUES (6,'Factory Showroom', 1996, 1);
INSERT INTO album (id, title, year, type_id) VALUES (7,'Long Tall Weekend', 1999, 1);
INSERT INTO album (id, title, year, type_id) VALUES (8,'Mink Car', 2001, 1);
INSERT INTO album (id, title, year, type_id) VALUES (9,'No!', 2002, 1);
INSERT INTO album (id, title, year, type_id) VALUES (10,'The Spine', 2004, 1);
INSERT INTO album (id, title, year, type_id) VALUES (11,'Here Come the ABCs', 2005, 1);
INSERT INTO album (id, title, year, type_id) VALUES (12,'The Else', 2007, 1);
INSERT INTO album (id, title, year, type_id) VALUES (13,'Here Come the 123s', 2008, 1);
INSERT INTO album (id, title, year, type_id) VALUES (14,'Here Comes Science', 2009, 1);
INSERT INTO album (id, title, year, type_id) VALUES (15,'Join Us', 2011, 1);
INSERT INTO album (id, title, year, type_id) VALUES (16,'Nanobots', 2013, 1);
INSERT INTO album (id, title, year, type_id) VALUES (17,'Glean', 2015, 1);
INSERT INTO album (id, title, year, type_id) VALUES (18,'Why?', 2015, 1);
INSERT INTO album (id, title, year, type_id) VALUES (19,'Phone Power', 2016, 1);
INSERT INTO album (id, title, year, type_id) VALUES (20,'I Like Fun', 2018, 1);
INSERT INTO album (id, title, year, type_id) VALUES (21,'My Murdered Remains', 2018, 1);
INSERT INTO album (id, title, year, type_id) VALUES (22,'The Escape Team', 2018, 1);
INSERT INTO album (id, title, year, type_id) VALUES (23,'Book', 2021, 1);

INSERT INTO song (title, album_id) VALUES('Everything Right Is Wrong Again', 1);
INSERT INTO song (title, album_id) VALUES('Put Your Hand Inside the Puppet Head', 1);
INSERT INTO song (title, album_id) VALUES('Number Three',1);
INSERT INTO song (title, album_id) VALUES('Don''t Let''s Start',1);
INSERT INTO song (title, album_id) VALUES('Hide Away Folk Family', 1);
INSERT INTO song (title, album_id) VALUES('32 Footsteps', 1);
INSERT INTO song (title, album_id) VALUES('Toddler Hiway', 1);
INSERT INTO song (title, album_id) VALUES('Rabid Child', 1);
INSERT INTO song (title, album_id) VALUES('Nothing''s Gonna Change My Clothes', 1);
INSERT INTO song (title, album_id) VALUES('(She Was A) Hotel Detective',1);
INSERT INTO song (title, album_id) VALUES('She''s an Angel', 1);
INSERT INTO song (title, album_id) VALUES('Youth Culture Killed My Dog', 1);
INSERT INTO song (title, album_id) VALUES('Boat of Car', 1);
INSERT INTO song (title, album_id) VALUES('Absolutely Bill''s Mood', 1);
INSERT INTO song (title, album_id) VALUES('Chess Piece Face', 1);
INSERT INTO song (title, album_id) VALUES('I Hope That I Get Old Before I Die', 1);
INSERT INTO song (title, album_id) VALUES('Alienation''s for the Rich', 1);
INSERT INTO song (title, album_id) VALUES('The Day', 1);
INSERT INTO song (title, album_id) VALUES('Rhythm Section Want Ad', 1);

INSERT INTO song (title, album_id) VALUES('Ana Ng', 2);
INSERT INTO song (title, album_id) VALUES('Cowtown',2);
INSERT INTO song (title, album_id) VALUES('Lie Still, Little Bottle',2);
INSERT INTO song (title, album_id) VALUES('Purple Toupee',2);
INSERT INTO song (title, album_id) VALUES('Cage & Aquarium',2);
INSERT INTO song (title, album_id) VALUES('Where Your Eyes Don''t Go',2);
INSERT INTO song (title, album_id) VALUES('Piece of Dirt',2);
INSERT INTO song (title, album_id) VALUES('Mr. Me',2);
INSERT INTO song (title, album_id) VALUES('Pencil Rain',2);
INSERT INTO song (title, album_id) VALUES('The World''s Address',2);
INSERT INTO song (title, album_id) VALUES('I''ve Got a Match',2);
INSERT INTO song (title, album_id) VALUES('Santa''s Beard',2);
INSERT INTO song (title, album_id) VALUES('You''ll Miss Me',2);
INSERT INTO song (title, album_id) VALUES('They''ll Need a Crane',2);
INSERT INTO song (title, album_id) VALUES('Shoehorn with Teeth',2);
INSERT INTO song (title, album_id) VALUES('Stand on Your Own Head',2);
INSERT INTO song (title, album_id) VALUES('Snowball in Hell',2);
INSERT INTO song (title, album_id) VALUES('Kiss Me, Son of God',2);
INSERT INTO song (title, album_id) VALUES('Theme from Flood',3);
INSERT INTO song (title, album_id) VALUES('Birdhouse in Your Soul',3);
INSERT INTO song (title, album_id) VALUES('Lucky Ball & Chain',3);
INSERT INTO song (title, album_id) VALUES('Istanbul (Not Constantinople)',3);
INSERT INTO song (title, album_id) VALUES('Dead',3);
INSERT INTO song (title, album_id) VALUES('Your Racist Friend',3);
INSERT INTO song (title, album_id) VALUES('Particle Man',3);
INSERT INTO song (title, album_id) VALUES('Twisting',3);
INSERT INTO song (title, album_id) VALUES('We Want a Rock',3);
INSERT INTO song (title, album_id) VALUES('Someone Keeps Moving My Chair',3);
INSERT INTO song (title, album_id) VALUES('Hearing Aid',3);
INSERT INTO song (title, album_id) VALUES('Minimum Wage',3);
INSERT INTO song (title, album_id) VALUES('Letterbox',3);
INSERT INTO song (title, album_id) VALUES('Whistling in the Dark',3);
INSERT INTO song (title, album_id) VALUES('Hot Cha',3);
INSERT INTO song (title, album_id) VALUES('Women & Men',3);
INSERT INTO song (title, album_id) VALUES('Sapphire Bullets of Pure Love',3);
INSERT INTO song (title, album_id) VALUES('They Might Be Giants',3);
INSERT INTO song (title, album_id) VALUES('Road Movie to Berlin',3);
INSERT INTO song (title, album_id) VALUES('Dig My Grave',4);
INSERT INTO song (title, album_id) VALUES('I Palindrome I',4);
INSERT INTO song (title, album_id) VALUES('She''s Actual Size',4);
INSERT INTO song (title, album_id) VALUES('My Evil Twin',4);
INSERT INTO song (title, album_id) VALUES('Mammal',4);
INSERT INTO song (title, album_id) VALUES('The Statue Got Me High',4);
INSERT INTO song (title, album_id) VALUES('Spider',4);
INSERT INTO song (title, album_id) VALUES('The Guitar (The Lion Sleeps Tonight)',4);
INSERT INTO song (title, album_id) VALUES('Dinner Bell',4);
INSERT INTO song (title, album_id) VALUES('Narrow Your Eyes',4);
INSERT INTO song (title, album_id) VALUES('Hall of Heads',4);
INSERT INTO song (title, album_id) VALUES('Which Describes How You''re Feeling',4);
INSERT INTO song (title, album_id) VALUES('See the Constellation',4);
INSERT INTO song (title, album_id) VALUES('If I Wasn''t Shy',4);
INSERT INTO song (title, album_id) VALUES('Turn Around',4);
INSERT INTO song (title, album_id) VALUES('Hypnotist of Ladies',4);
INSERT INTO song (title, album_id) VALUES('Fingertips 1: Everything''s Catching on Fire',4);
INSERT INTO song (title, album_id) VALUES('Fingertips 2: Fingertips',4);
INSERT INTO song (title, album_id) VALUES('Fingertips 3: I Hear the Wind Blow',4);
INSERT INTO song (title, album_id) VALUES('Fingertips 4: Hey Now Everybody',4);
INSERT INTO song (title, album_id) VALUES('Fingertips 5: Who''s That Standing out My Window?',4);
INSERT INTO song (title, album_id) VALUES('Fingertips 6: I Found a New Friend',4);
INSERT INTO song (title, album_id) VALUES('Fingertips 7: Come on and Wreck My Car',4);
INSERT INTO song (title, album_id) VALUES('Fingertips 8: Aren''t You the Guy Who Hit Me in the Eye?',4);
INSERT INTO song (title, album_id) VALUES('Fingertips 9: Please Pass the Milk',4);
INSERT INTO song (title, album_id) VALUES('Fingertips 10: Leave Me Alone',4);
INSERT INTO song (title, album_id) VALUES('Fingertips 11: Who''s Knocking on the Wall?',4);
INSERT INTO song (title, album_id) VALUES('Fingertips 12: All Alone',4);
INSERT INTO song (title, album_id) VALUES('Fingertips 13: What''s That Blue Thing Doing Here?',4);
INSERT INTO song (title, album_id) VALUES('Fingertips 14: Something Grabbed Ahold of My Hand',4);
INSERT INTO song (title, album_id) VALUES('Fingertips 15: I Don''t Understand You',4);
INSERT INTO song (title, album_id) VALUES('Fingertips 16: I Heard a Sound',4);
INSERT INTO song (title, album_id) VALUES('Fingertips 17: Mysterious Whisper',4);
INSERT INTO song (title, album_id) VALUES('Fingertips 18: The Day That Love Came to Play',4);
INSERT INTO song (title, album_id) VALUES('Fingertips 19: I''m Having a Heart Attack',4);
INSERT INTO song (title, album_id) VALUES('Fingertips 20: Fingertips',4);
INSERT INTO song (title, album_id) VALUES('Fingertips 21: I Walk Along Darkened Corridors',4);
INSERT INTO song (title, album_id) VALUES('Space Suit',4);
INSERT INTO song (title, album_id) VALUES('Subliminal', 5);
INSERT INTO song (title, album_id) VALUES('Snail Shell', 5);
INSERT INTO song (title, album_id) VALUES('Sleeping In the Flowers', 5);
INSERT INTO song (title, album_id) VALUES('Unrelated Thing', 5);
INSERT INTO song (title, album_id) VALUES('AKA Driver', 5);
INSERT INTO song (title, album_id) VALUES('I Should Be Allowed to Think', 5);
INSERT INTO song (title, album_id) VALUES('Extra Savoir-Faire', 5);
INSERT INTO song (title, album_id) VALUES('Why Must I Be Sad?', 5);
INSERT INTO song (title, album_id) VALUES('Spy', 5);
INSERT INTO song (title, album_id) VALUES('O, Do Not Forsake Me', 5);
INSERT INTO song (title, album_id) VALUES('No One Knows My Plan', 5);
INSERT INTO song (title, album_id) VALUES('Dirt Bike', 5);
INSERT INTO song (title, album_id) VALUES('Destination Moon', 5);
INSERT INTO song (title, album_id) VALUES('A Self Called Nowhere', 5);
INSERT INTO song (title, album_id) VALUES('Meet James Ensor', 5);
INSERT INTO song (title, album_id) VALUES('Thermostat', 5);
INSERT INTO song (title, album_id) VALUES('Window', 5);
INSERT INTO song (title, album_id) VALUES('Out of Jail', 5);
INSERT INTO song (title, album_id) VALUES('Stomp Box', 5);
INSERT INTO song (title, album_id) VALUES('The End of the Tour', 5);

INSERT INTO song (title, album_id) VALUES('S-E-X-X-Y', 6);
INSERT INTO song (title, album_id) VALUES('Till My Head Falls Off', 6);
INSERT INTO song (title, album_id) VALUES('How Can I Sing Like a Girl?', 6);
INSERT INTO song (title, album_id) VALUES('Exquisite Dead Guy', 6);
INSERT INTO song (title, album_id) VALUES('Metal Detector', 6);
INSERT INTO song (title, album_id) VALUES('New York City', 6);
INSERT INTO song (title, album_id) VALUES('Your Own Worst Enemy', 6);
INSERT INTO song (title, album_id) VALUES('XTC vs. Adam Ant', 6);
INSERT INTO song (title, album_id) VALUES('Spiraling Shape', 6);
INSERT INTO song (title, album_id) VALUES('James K. Polk', 6);
INSERT INTO song (title, album_id) VALUES('Pet Name', 6);
INSERT INTO song (title, album_id) VALUES('I Can Hear You', 6);
INSERT INTO song (title, album_id) VALUES('The Bells Are Ringing', 6);

INSERT INTO song (title, album_id) VALUES('Drinkin''', 7);
INSERT INTO song (title, album_id) VALUES('(She Thinks She''s) Edith Head', 7);
INSERT INTO song (title, album_id) VALUES('Maybe I Know', 7);
INSERT INTO song (title, album_id) VALUES('Rat Patrol', 7);
INSERT INTO song (title, album_id) VALUES('Token Back to Brooklyn', 7);
INSERT INTO song (title, album_id) VALUES('Older', 7);
INSERT INTO song (title, album_id) VALUES('Operators Are Standing By', 7);
INSERT INTO song (title, album_id) VALUES('Dark and Metric', 7);
INSERT INTO song (title, album_id) VALUES('Reprehensible', 7);
INSERT INTO song (title, album_id) VALUES('Certain People I Could Name', 7);
INSERT INTO song (title, album_id) VALUES('Counterfeit Faker', 7);
INSERT INTO song (title, album_id) VALUES('They Got Lost', 7);
INSERT INTO song (title, album_id) VALUES('Lullabye to Nightmares', 7);
INSERT INTO song (title, album_id) VALUES('On Earth My Nina', 7);
INSERT INTO song (title, album_id) VALUES('The Edison Museum', 7);

INSERT INTO song (title, album_id) VALUES('Bangs', 8);
INSERT INTO song (title, album_id) VALUES('Cyclops Rock', 8);
INSERT INTO song (title, album_id) VALUES('Man, It''s So Loud in Here', 8);
INSERT INTO song (title, album_id) VALUES('Mr. Xcitement', 8);
INSERT INTO song (title, album_id) VALUES('Another First Kiss', 8);
INSERT INTO song (title, album_id) VALUES('I''ve Got a Fang', 8);
INSERT INTO song (title, album_id) VALUES('Hovering Sombrero', 8);
INSERT INTO song (title, album_id) VALUES('Yeh Yeh', 8);
INSERT INTO song (title, album_id) VALUES('Hopeless Bleak Despair', 8);
INSERT INTO song (title, album_id) VALUES('Drink!', 8);
INSERT INTO song (title, album_id) VALUES('My Man', 8);
INSERT INTO song (title, album_id) VALUES('Older', 8);
INSERT INTO song (title, album_id) VALUES('Mink Car', 8);
INSERT INTO song (title, album_id) VALUES('Wicked Little Critta', 8);
INSERT INTO song (title, album_id) VALUES('Finished With Lies', 8);
INSERT INTO song (title, album_id) VALUES('(She Thinks She''s) Edith Head', 8);
INSERT INTO song (title, album_id) VALUES('Working Undercover for the Man', 8);

-- +goose StatementEnd


-- +goose Down
-- +goose StatementBegin
DELETE FROM album;
DELETE FROM type;
-- +goose StatementEnd
